{
  "model": "xgboost",
  "n_events": 18108,
  "features": [
    "position_before_pit",
    "tyre_age",
    "stint_length",
    "compound_ordinal",
    "track_stress",
    "pit_lap"
  ],
  "feature_importance": {
    "position_before_pit": 0.6544698476791382,
    "tyre_age": 0.038327328860759735,
    "stint_length": 0.15284468233585358,
    "compound_ordinal": 0.08065062016248703,
    "track_stress": 0.0,
    "pit_lap": 0.07370752841234207
  },
  "train_accuracy": 0.8413640756592572,
  "test_accuracy": 0.8453892876863611,
  "train_auc": 0.9613361970598149,
  "test_auc": 0.9273838840349983,
  "undercut_rate": 0.113540976364038,
  "n_races": 181,
  "trained_at": "2026-01-27T22:51:52.173528"
}